user_id,f_name,l_name,email
USR_01,Harinder,Symons,harinder@gmail.com
USR_02,Davis,Jefferson,davis@gmail.com
USR_03,Madelyn,Rakes,madelyn@gmail.com
USR_04,Roslyn,Plank,roslyn@gmail.com
USR_05,Prunella,Benson,prunella@gmail.com
USR_06,Melvin,Taft,melvin@gmail.com
USR_07,Oneida,Steele,oneida@gmail.com
USR_08,Linda,Bell,linda@gmail.com
USR_09,Jolie,Love,jolie@gmail.com
USR_10,Miles,Willard,miles@gmail.com
